use sdfghjkl

delete from Аптека;
delete from НаборХарактеристик;
delete from АдресАптеки;
delete from НаборХарактеристик;
delete from Аптека;
delete from ДиректорФИО;
delete from Организация;
delete from Характеристика;
delete from Товар;
delete from ГруппаТоваров;

insert into Товар(КодТовара,НазваниеТовара)
	values
		('0d199a5d-c2a7-4f03-a681-22e9130d6132','Фенибут'),
		('b785198f-3041-43d4-8a51-989495c9aa90','Феназипам'),
		('b806d2f1-f331-4d12-9c90-34af49ef2690','Ношпа'),
		('06d7438a-8fe6-43fa-9839-59857c2d0aea','Анальгин'),
		('81987ba7-b886-4325-818e-b4fc033c687d','Кетарол'),
		('3bb1b572-fd4f-480d-a2a5-72bad58edd80','Кеторолак'),
		('3c287669-1b0a-4a14-9d8e-f24b6597923d','Спасзумугель'),
		('87b6143b-9fca-477d-9610-870cfe8a878b','Некст'),
		('7e4e8671-6ec6-41bb-8cda-7ae93c759528','Йод');

insert into ГруппаТоваров(КодГруппыТоваров,ИмяГруппыТоваров)
	values
		('0d199a5dc2a74f03a6','Спазмальгетики'),
		('b785198f304143d48a','От давления'),
		('b806d2f1f3314d129c','Профилактика'),
		('06d7438a8fe643fa98','Обезболивающие');

insert into Характеристика(КодХарактеристики,НазваниеХарактеристики)
	values
		('0d199a5dc2a74f03a6','Дозировка'),
		('b785198f304143d48a','Формат упаковки'),
		('b745198f304143d48a','Количество'),
		('b806d2f1f3314d129c','Рецептурное'),
		('06d7438a8fe643fa98','Показания');

insert into Организация(НазваниеФирмы)
	values
		('Аптека-Вита'),
		('Аптека+'),
		('Вита-Экспресс');

insert into ДиректорФИО(КодДиректора,ИНН,Фамилия,Имя,Отчество)
	values
		('o9r23-f3','7742332352','Прохорович','Роман','Дмитриевич'),
		('o9f40-f9','2123013902','Андреева','Виктория','Владимировна'),
		('o9r23-23','21323032423','Медведева','Лея','Ивановна'),
		('o3v23-dd','2423897392','Борисова','Глеб','Львович'),
		('o9fff-aa','2243013243','Игнатов','Милана','Артёмович'),
		('o9fwe-eа','53323032423','Гуленко','Милана','Михайловна');

insert into АдресАптеки(КодАдреса,НазваниеФирмы, Район, Улица, Дом, Этаж, Секция)
	values
		('31b5q124n5h6m','Аптека-Вита','Владимирский ','Трактовая','23','1','а4'),
		('345htne55yr7j','Аптека-Вита','Владимирский ','Комсомольская','234','-1','55'),
		('eafq43246hefw','Аптека-Вита','Тольятти','Вокзальная','42','2','0'),
		('g4564wtbdrhb4','Аптека+','Тольяттинский','Московская','112','1',''),
		('3rb24n52qern4','Вита-Экспресс','Можайский','Весенняя','86','1','11'),
		('2b424e55n6w5y','Вита-Экспресс','Можайский','Юбилейная','95а','1','');

insert into НаборХарактеристик(КодНабораХарактеристик,КодГруппыТоваров,КодХарактеристики)
	values
		('qfyuio8EGU90-01','0d199a5dc2a74f03a6','0d199a5dc2a74f03a6'),
		('qfyuio8EGU90-02','0d199a5dc2a74f03a6','b785198f304143d48a'),
		('qfyuio8EGU90-03','0d199a5dc2a74f03a6','b745198f304143d48a'),
		('qfyuio8EGU90-04','0d199a5dc2a74f03a6','b806d2f1f3314d129c'),
		('qfyuio8EGU90-05','0d199a5dc2a74f03a6','06d7438a8fe643fa98'),

		('2QE4FF490U8E-01','b785198f304143d48a','0d199a5dc2a74f03a6'),
		('2QE4FF490U8E-02','b785198f304143d48a','b785198f304143d48a'),
		('2QE4FF490U8E-03','b785198f304143d48a','b745198f304143d48a'),
		('2QE4FF490U8E-04','b785198f304143d48a','b806d2f1f3314d129c'),
		('2QE4FF490U8E-05','b785198f304143d48a','06d7438a8fe643fa98'),

		('WEOQUVG9083a-01','06d7438a8fe643fa98','0d199a5dc2a74f03a6'),
		('WEOQUVG9083a-02','06d7438a8fe643fa98','b785198f304143d48a'),
		('WEOQUVG9083a-03','06d7438a8fe643fa98','b745198f304143d48a'),
		('WEOQUVG9083a-04','06d7438a8fe643fa98','b806d2f1f3314d129c'),
		('WEOQUVG9083a-05','06d7438a8fe643fa98','06d7438a8fe643fa98'),

		('3f123g322gf4-01','0d199a5dc2a74f03a6','0d199a5dc2a74f03a6'),
		('3f123g322gf4-02','0d199a5dc2a74f03a6','b785198f304143d48a'),
		('3f123g322gf4-03','0d199a5dc2a74f03a6','b745198f304143d48a'),
		('3f123g322gf4-04','0d199a5dc2a74f03a6','b806d2f1f3314d129c'),
		('3f123g322gf4-05','0d199a5dc2a74f03a6','06d7438a8fe643fa98');

insert into Аптека(КодАптеки, ТелефоАптеки, КодДиректора, КодАдреса)
	values
		(15645123,'88005553535','o9r23-f3','31b5q124n5h6m'),
		(42456431,'88005553214','o9f40-f9','345htne55yr7j'),
		(45745334,'88005214212','o9r23-23','eafq43246hefw'),
		(34364364,'88002029035','o3v23-dd','g4564wtbdrhb4'),
		(34252345,'88971278920','o9fff-aa','3rb24n52qern4'),
		(34557345,'88923902220','o9fwe-eа','2b424e55n6w5y');

insert into Прайслист(КодАптеки,КодТовара,Месяц,Год,ЦенаПродажи,МетодОплаты)
	values
		(15645123,'0d199a5d-c2a7-4f03-a681-22e9130d6132',1,2022,2000,'Наличные'),
		(15645123,'b785198f-3041-43d4-8a51-989495c9aa90',2,2020,1299,'Расчёт'),
		(42456431,'b806d2f1-f331-4d12-9c90-34af49ef2690',3,2021,1332,'Наличные'),
		(42456431,'06d7438a-8fe6-43fa-9839-59857c2d0aea',1,2019,100,'Бартер'),
		(45745334,'81987ba7-b886-4325-818e-b4fc033c687d',5,2018,200,'СБП'),
		(45745334,'3bb1b572-fd4f-480d-a2a5-72bad58edd80',4,2020,20,'Наличные'),
		(34364364,'3c287669-1b0a-4a14-9d8e-f24b6597923d',8,2022,1082,'Бесконтактная'),
		(34252345,'87b6143b-9fca-477d-9610-870cfe8a878b',6,2022,1232,'Наличные'),
		(34557345,'7e4e8671-6ec6-41bb-8cda-7ae93c759528',11,2017,32,'Наличные');

insert into Номер_товара(КодНабораХарактеристик,КодГруппыТоваров,КодТовара)
	values
		('qfyuio8EGU90-01','0d199a5dc2a74f03a6','0d199a5d-c2a7-4f03-a681-22e9130d6132'),
		('qfyuio8EGU90-02','0d199a5dc2a74f03a6','b785198f-3041-43d4-8a51-989495c9aa90'),
		('qfyuio8EGU90-03','0d199a5dc2a74f03a6','b806d2f1-f331-4d12-9c90-34af49ef2690'),
		('qfyuio8EGU90-04','0d199a5dc2a74f03a6','06d7438a-8fe6-43fa-9839-59857c2d0aea'),
		('qfyuio8EGU90-05','0d199a5dc2a74f03a6','81987ba7-b886-4325-818e-b4fc033c687d'),

		('2QE4FF490U8E-01','b785198f304143d48a','0d199a5d-c2a7-4f03-a681-22e9130d6132'),
		('2QE4FF490U8E-02','b785198f304143d48a','b785198f-3041-43d4-8a51-989495c9aa90'),
		('2QE4FF490U8E-03','b785198f304143d48a','3bb1b572-fd4f-480d-a2a5-72bad58edd80'),
		('2QE4FF490U8E-04','b785198f304143d48a','3bb1b572-fd4f-480d-a2a5-72bad58edd80'),
		('2QE4FF490U8E-05','b785198f304143d48a','3c287669-1b0a-4a14-9d8e-f24b6597923d'),

		('WEOQUVG9083a-01','06d7438a8fe643fa98','0d199a5d-c2a7-4f03-a681-22e9130d6132'),
		('WEOQUVG9083a-02','06d7438a8fe643fa98','b785198f-3041-43d4-8a51-989495c9aa90'),
		('WEOQUVG9083a-03','06d7438a8fe643fa98','3c287669-1b0a-4a14-9d8e-f24b6597923d'),
		('WEOQUVG9083a-04','06d7438a8fe643fa98','87b6143b-9fca-477d-9610-870cfe8a878b'),
		('WEOQUVG9083a-05','06d7438a8fe643fa98','7e4e8671-6ec6-41bb-8cda-7ae93c759528'),

		('3f123g322gf4-01','0d199a5dc2a74f03a6','0d199a5d-c2a7-4f03-a681-22e9130d6132'),
		('3f123g322gf4-02','0d199a5dc2a74f03a6','b785198f-3041-43d4-8a51-989495c9aa90'),
		('3f123g322gf4-03','0d199a5dc2a74f03a6','7e4e8671-6ec6-41bb-8cda-7ae93c759528'),
		('3f123g322gf4-04','0d199a5dc2a74f03a6','3c287669-1b0a-4a14-9d8e-f24b6597923d'),
		('3f123g322gf4-05','0d199a5dc2a74f03a6','87b6143b-9fca-477d-9610-870cfe8a878b');