delete from Аптека;
delete from НаборХарактеристик;
delete from АдресАптеки;
delete from НаборХарактеристик;
delete from Аптека;
delete from ДиректорФИО;
delete from Организация;
delete from Характеристика;
delete from Товар;
delete from ГруппаТоваров;

insert into Товар(КодТовара,НазваниеТовара)
	values
		(11111,'Фенибут'),
		(11112,'Феназипам'),
		(11113,'Ношпа'),
		(11114,'Анальгин'),
		(11115,'Кетарол'),
		(11116,'Кеторолак'),
		(11117,'Спасзумугель'),
		(11118,'Некст'),
		(11119,'Йод');

insert into ГруппаТоваров(КодГруппыТоваров,ИмяГруппыТоваров)
	values
		(22221,'Спазмальгетики'),
		(22222,'От давления'),
		(22223,'Профилактика'),
		(22224,'Обезболивающие');

insert into Характеристика(КодХарактеристики,НазваниеХарактеристики)
	values
		(33331,'Дозировка'),
		(33332,'Формат упаковки'),
		(33333,'Количество'),
		(33334,'Рецептурное'),
		(33335,'Показания');

insert into Организация(НазваниеФирмы)
	values
		('Аптека-Вита'),
		('Аптека+'),
		('Вита-Экспресс');

insert into ДиректорФИО(КодДиректора,ИНН,Фамилия,Имя,Отчество)
	values
		(44441,'7742332352','Прохорович','Роман','Дмитриевич'),
		(44442,'2123013902','Андреева','Виктория','Владимировна'),
		(44443,'21323032423','Медведева','Лея','Ивановна'),
		(44444,'2423897392','Борисова','Глеб','Львович'),
		(44445,'2243013243','Игнатов','Милана','Артёмович'),
		(44446,'53323032423','Гуленко','Милана','Михайловна');

insert into АдресАптеки(КодАдреса,НазваниеФирмы, Район, Улица, Дом, Этаж, Секция)
	values
		(55551,'Аптека-Вита',	'Владимирский '	,'Трактовая',		'23',	'1',	'а4'),
		(55552,'Аптека-Вита',	'Владимирский '	,'Комсомольская',	'234',	'-1',	'55'),
		(55553,'Аптека-Вита',	'Тольяттинский', 	'Вокзальная',	'42',	'2',	'0'),
		(55554,'Аптека+'	,	'Тольяттинский',	'Московская',	'112',	'1',	''),
		(55555,'Вита-Экспресс',	'Можайский',	'Весенняя',			'86',	'1',	'11'),
		(55556,'Вита-Экспресс',	'Можайский',	'Юбилейная',		'95а',	'1',	'');

insert into НаборХарактеристик(КодНабораХарактеристик,КодГруппыТоваров,КодХарактеристики)
	values
		(666601,22221,33331),
		(666602,22221,33332),
		(666603,22221,33333),
		(666604,22221,33334),
		(666605,22221,33335),

		(666611,22222,33331),
		(666612,22222,33332),
		(666613,22222,33333),
		(666614,22222,33334),
		(666615,22222,33335),

		(666621,22224,33331),
		(666622,22224,33332),
		(666623,22224,33333),
		(666624,22224,33334),
		(666625,22224,33335),

		(666631,22223,33331),
		(666632,22223,33332),
		(666633,22223,33333),
		(666634,22223,33334),
		(666635,22223,33335);

insert into Аптека(КодАптеки, ТелефонАптеки, КодДиректора, КодАдреса)
	values
		(77771,'88005553535',44441,55551),
		(77772,'88005553214',44442,55552),
		(77773,'88005214212',44443,55553),
		(77774,'88002029035',44444,55554),
		(77775,'88971278920',44445,55555),
		(77776,'88923902220',44446,55556);

insert into Прайслист(КодАптеки,КодТовара,Месяц,Год,ЦенаПродажи,МетодОплаты)
	values
		(77771,11111,1,	2022,	2000,	'Наличные'),
		(77771,11112,2,	2020,	1299,	'Расчёт'),
		(77771,11113,3,	2021,	1332,	'Наличные'),
		(77772,11114,1,	2019,	100,	'Бартер'),
		(77772,11115,5,	2018,	200,	'СБП'),
		(77773,11116,4,	2020,	20, 	'Наличные'),
		(77774,11117,8,	2022,	1082,	'Бесконтактная'),
		(77775,11111,6,	2022,	1232,	'Наличные'),
		(77776,11112,11,2017,	32, 	'Наличные');

insert into Номер_товара(КодНабораХарактеристик,КодГруппыТоваров,КодТовара)
	values
		(666601,22221,11111),
		(666602,22221,11112),
		(666603,22221,11113),
		(666604,22221,11114),
		(666605,22221,11115),

		(666611,22222,11111),
		(666612,22222,11112),
		(666613,22222,11116),
		(666614,22222,11116),
		(666615,22222,11117),

		(666621,22224,11111),
		(666622,22224,11112),
		(666623,22224,11117),
		(666624,22224,11113),
		(666625,22224,11114),

		(666631,22223,11111),
		(666632,22223,11112),
		(666633,22223,11114),
		(666634,22223,11117),
		(666635,22223,11115);